Ref,Grant Recipient,State,Federal Award FY 2015,Federal Award FY 2016,Federal Award FY 2017 ,Federal Award FY 2018,Federal Award FY 2019 ,Total,BJA Link 1,BJA Link 2,BJA Link 3
BJA340,Aiken,SC,,47125,,,,47125,https://www.documentcloud.org/documents/6573652-2016-BWCPIP-Factsheet-2016-Final.html,,
BJA288,"Akron, City of",OH,367478,,,,,367478,https://www.documentcloud.org/documents/6573651-2015-BWCPIP-Award-Fact-Sheet.html,,
BJA022,Alabama Department of Corrections,AL,,,,,300000,300000,https://bja.ojp.gov/funding/awards/2019-bc-bx-0023,,
BJA270,"Albany, City of",NY,133305,,,,,133305,https://www.documentcloud.org/documents/6573651-2015-BWCPIP-Award-Fact-Sheet.html,,
BJA262,Albuquerque Police Department,NM,250000,,,,,250000,https://www.documentcloud.org/documents/6573651-2015-BWCPIP-Award-Fact-Sheet.html,,
BJA310,"Allentown, City of",PA,249901,,,,,249901,https://www.documentcloud.org/documents/6573651-2015-BWCPIP-Award-Fact-Sheet.html,,
BJA370,American Fork,UT,,,28365,,,28365,https://www.documentcloud.org/documents/6573653-2017-BWCPIP-Awards.html,,
BJA021,"Andalusia, City of",AL,87224,,,,,87224,https://www.documentcloud.org/documents/6573651-2015-BWCPIP-Award-Fact-Sheet.html,,
BJA094,Apopka Police Department,FL,43000,,,,,43000,https://www.documentcloud.org/documents/6573651-2015-BWCPIP-Award-Fact-Sheet.html,,
BJA029,Arkansas Tech University,AR,,17656,,,,17656,https://www.documentcloud.org/documents/6573652-2016-BWCPIP-Factsheet-2016-Final.html,,
BJA127,Atlanta Independent School System,GA,,,249608,,,249608,https://www.documentcloud.org/documents/6573653-2017-BWCPIP-Awards.html,,
BJA360,Austin,TX,,750000,,,,750000,https://www.documentcloud.org/documents/6573652-2016-BWCPIP-Factsheet-2016-Final.html,,
BJA289,Austintown Township of,OH,,,,,30000,30000,https://bja.ojp.gov/funding/awards/2019-bc-bx-0015,,
BJA326,Autonomous Municipality of Caguas,PR,,,,,99876,99876,https://bja.ojp.gov/funding/awards/2019-bc-bx-0076,,
BJA191,Baton Rouge,LA,,,749992,,,749992,https://www.documentcloud.org/documents/6573653-2017-BWCPIP-Awards.html,,
BJA312,Beaver County Sheriff's Office,PA,,,,36750,,36750,https://www.documentcloud.org/documents/6573650-BWCPIP-Award-Fact-2018Final.html,,
BJA008,"Beaverton, City of",OR,150000,,,,,150000,https://www.documentcloud.org/documents/6573651-2015-BWCPIP-Award-Fact-Sheet.html,,
BJA378,Bedford County,VA,,10335,,,,10335,https://www.documentcloud.org/documents/6573652-2016-BWCPIP-Factsheet-2016-Final.html,,
BJA049,Bell Police Department,CA,,,,52500,,52500,https://www.documentcloud.org/documents/6573650-BWCPIP-Award-Fact-2018Final.html,,
BJA341,Berkeley County,SC,,150000,,,,150000,https://www.documentcloud.org/documents/6573652-2016-BWCPIP-Factsheet-2016-Final.html,,
BJA313,Bethlehem,PA,,,89428,,,89428,https://www.documentcloud.org/documents/6573653-2017-BWCPIP-Awards.html,,
BJA361,Bexar County,TX,,,,,765416,765416,https://bja.ojp.gov/funding/awards/2019-bc-bx-0052,,
BJA023,Birmingham,AL,,300000,,,,300000,https://www.documentcloud.org/documents/6573652-2016-BWCPIP-Factsheet-2016-Final.html,,
BJA401,Birmingham Police Department,AL,,,,,276000,276000,https://bja.ojp.gov/funding/awards/2019-bc-bx-0066,,
BJA239,Black Mountain,NC,,,11000,,,11000,https://www.documentcloud.org/documents/6573653-2017-BWCPIP-Awards.html,,
BJA379,Blacksburg,VA,,,44906,,,44906,https://www.documentcloud.org/documents/6573653-2017-BWCPIP-Awards.html,,
BJA272,Blooming Grove,NY,,,20722,,,20722,https://www.documentcloud.org/documents/6573653-2017-BWCPIP-Awards.html,,
BJA216,Bloomington,MN,,,199500,,,199500,https://www.documentcloud.org/documents/6573653-2017-BWCPIP-Awards.html,,
BJA179,Bonner Springs,KS,,,22720,,,22720,https://www.documentcloud.org/documents/6573653-2017-BWCPIP-Awards.html,,
BJA017,Brick,NJ,,112500,,,85000,197500,https://www.documentcloud.org/documents/6573652-2016-BWCPIP-Factsheet-2016-Final.html,,
BJA217,Brooklyn Park,MN,,50038,,,,50038,https://www.documentcloud.org/documents/6573652-2016-BWCPIP-Factsheet-2016-Final.html,,
BJA098,Broward,FL,,999564,,,,999564,https://www.documentcloud.org/documents/6573652-2016-BWCPIP-Factsheet-2016-Final.html,,
BJA128,Burke County,GA,,,33971,,,33971,https://www.documentcloud.org/documents/6573653-2017-BWCPIP-Awards.html,,
BJA001,Camden County,NJ,,118500,257305,,,375805,https://www.documentcloud.org/documents/6573653-2017-BWCPIP-Awards.html,https://www.documentcloud.org/documents/6573652-2016-BWCPIP-Factsheet-2016-Final.html,
BJA237,Canton,MS,,,25000,,,25000,https://www.documentcloud.org/documents/6573653-2017-BWCPIP-Awards.html,,
BJA290,"Canton, City of",OH,,,,,58756,58756,https://bja.ojp.gov/funding/awards/2019-bc-bx-0012,,
BJA228,Cape Girardeau,MO,,,27000,,,27000,https://www.documentcloud.org/documents/6573653-2017-BWCPIP-Awards.html,,
BJA307,"Carlisle, Borough of",PA,43500,,,,,43500,https://www.documentcloud.org/documents/6573651-2015-BWCPIP-Award-Fact-Sheet.html,,
BJA172,Carmel,IN,,86512,,,,86512,https://www.documentcloud.org/documents/6573652-2016-BWCPIP-Factsheet-2016-Final.html,,
BJA240,Carrboro,NC,,,46731,,,46731,https://www.documentcloud.org/documents/6573653-2017-BWCPIP-Awards.html,,
BJA149,Cedar Rapids,IA,,96800,,,,96800,https://www.documentcloud.org/documents/6573652-2016-BWCPIP-Factsheet-2016-Final.html,,
BJA308,Central Bucks Regional PD,PA,52805,,,,,52805,https://www.documentcloud.org/documents/6573651-2015-BWCPIP-Award-Fact-Sheet.html,,
BJA337,"Charleston, City of",SC,25264,,,,,25264,https://www.documentcloud.org/documents/6573651-2015-BWCPIP-Award-Fact-Sheet.html,,
BJA349,Chattanooga,TN,,299992,,,,299992,https://www.documentcloud.org/documents/6573652-2016-BWCPIP-Factsheet-2016-Final.html,,
BJA255,Cherry Hill Police Department,NJ,82525,,,,,82525,https://www.documentcloud.org/documents/6573651-2015-BWCPIP-Award-Fact-Sheet.html,,
BJA159,Chicago,IL,1000000,,572681,639370,,2212051,https://www.documentcloud.org/documents/6573651-2015-BWCPIP-Award-Fact-Sheet.html,https://www.documentcloud.org/documents/6573653-2017-BWCPIP-Awards.html,https://www.documentcloud.org/documents/6573650-BWCPIP-Award-Fact-2018Final.html
BJA291,Cincinnati,OH,,600000,,,,600000,https://www.documentcloud.org/documents/6573652-2016-BWCPIP-Factsheet-2016-Final.html,,
BJA078,City and County of Denver,CO,,130606,,,,130606,https://www.documentcloud.org/documents/6573652-2016-BWCPIP-Factsheet-2016-Final.html,,
BJA147,City and County of Honolulu,HI,,,41870,,,41870,https://www.documentcloud.org/documents/6573653-2017-BWCPIP-Awards.html,,
BJA314,City of Allentown,PA,,,,150000,,150000,https://www.documentcloud.org/documents/6573650-BWCPIP-Award-Fact-2018Final.html,,
BJA129,City of Atlanta,GA,,,,,2000000,2000000,https://bja.ojp.gov/funding/awards/2019-bc-bx-0039,,
BJA079,City of Aurora,CO,,,,,852580,852580,https://bja.ojp.gov/funding/awards/2019-bc-bx-0044,,
BJA362,City of Balcones Heights,TX,,,,32530,,32530,https://www.documentcloud.org/documents/6573650-BWCPIP-Award-Fact-2018Final.html,,
BJA292,"City of Brook Park, Ohio",OH,,,,,69353,69353,https://bja.ojp.gov/funding/awards/2019-bc-bx-0004,,
BJA293,City of Brunswick,OH,,,,,50000,50000,https://bja.ojp.gov/funding/awards/2019-bc-bx-0061,,
BJA218,City of Champlin,MN,,,,45000,,45000,https://www.documentcloud.org/documents/6573650-BWCPIP-Award-Fact-2018Final.html,,
BJA350,City of Clarksville,TN,,,,114130,,114130,https://www.documentcloud.org/documents/6573650-BWCPIP-Award-Fact-2018Final.html,,
BJA351,City of Cookeville,TN,,,,,120000,120000,https://bja.ojp.gov/funding/awards/2019-bc-bx-0071,,
BJA099,City of Coral Springs,FL,,,,,300000,300000,https://bja.ojp.gov/funding/awards/2019-bc-bx-0013,,
BJA192,City of Denham Springs,LA,,,,27420,,27420,https://www.documentcloud.org/documents/6573650-BWCPIP-Award-Fact-2018Final.html,,
BJA150,City of Des Moines,IA,,,,87502,,87502,https://www.documentcloud.org/documents/6573650-BWCPIP-Award-Fact-2018Final.html,,
BJA080,City of Durango,CO,,,,60000,,60000,https://www.documentcloud.org/documents/6573650-BWCPIP-Award-Fact-2018Final.html,,
BJA219,City of Edina,MN,,,,,110000,110000,https://bja.ojp.gov/funding/awards/2019-bc-bx-0003,,
BJA315,"City of Erie, PA",PA,,,,,247500,247500,https://bja.ojp.gov/funding/awards/2019-bc-bx-0009,,
BJA263,City of Espanola,NM,,,,90000,,90000,https://www.documentcloud.org/documents/6573650-BWCPIP-Award-Fact-2018Final.html,,
BJA173,City of Fishers,IN,,,,120000,,120000,https://www.documentcloud.org/documents/6573650-BWCPIP-Award-Fact-2018Final.html,,
BJA100,City of Fort Myers,FL,,,,37500,,37500,https://www.documentcloud.org/documents/6573650-BWCPIP-Award-Fact-2018Final.html,,
BJA030,"City of Fort Smith, Arkansas Police Department",AR,,,,,29014,29014,https://bja.ojp.gov/funding/awards/2019-bc-bx-0081,,
BJA185,City of Frankfort,KY,,,,,47750,47750,https://bja.ojp.gov/funding/awards/2019-bc-bx-0049,,
BJA050,City of Fresno,CA,,,,,90000,90000,https://bja.ojp.gov/funding/awards/2019-bc-bx-0053,,
BJA002,City of Garfield,NJ,,,,,66780,66780,https://bja.ojp.gov/funding/awards/2019-bc-bx-0017,,
BJA249,City of Gordon Office of Comptroller,NE,,,,,6684,6684,https://bja.ojp.gov/funding/awards/2019-bc-bx-0083,,
BJA051,City of Gustine,CA,,,,54000,,54000,https://www.documentcloud.org/documents/6573650-BWCPIP-Award-Fact-2018Final.html,,
BJA101,City of Hallandale Beach,FL,,,,141984,,141984,https://www.documentcloud.org/documents/6573650-BWCPIP-Award-Fact-2018Final.html,,
BJA130,City of Hazlehurst,GA,,,,,26000,26000,https://bja.ojp.gov/funding/awards/2019-bc-bx-0050,,
BJA131,City of Hinesville,GA,,,,,18000,18000,https://bja.ojp.gov/funding/awards/2019-bc-bx-0032,,
BJA273,City of Hudson,NY,,,10062,,,10062,https://www.documentcloud.org/documents/6573653-2017-BWCPIP-Awards.html,,
BJA156,City of Idaho Falls,ID,,,,135000,,135000,https://www.documentcloud.org/documents/6573650-BWCPIP-Award-Fact-2018Final.html,,
BJA201,City of Inkster,MI,,,,97500,,97500,https://www.documentcloud.org/documents/6573650-BWCPIP-Award-Fact-2018Final.html,,
BJA031,City of Jonesboro,AR,,,,300000,,300000,https://www.documentcloud.org/documents/6573650-BWCPIP-Award-Fact-2018Final.html,,
BJA220,City of Lakeville,MN,,,,106500,,106500,https://www.documentcloud.org/documents/6573650-BWCPIP-Award-Fact-2018Final.html,,
BJA195,City of Lawrence,MA,,,,112835,,112835,https://www.documentcloud.org/documents/6573650-BWCPIP-Award-Fact-2018Final.html,,
BJA032,City of Little Rock Police Department,AR,,,,,194000,194000,https://bja.ojp.gov/funding/awards/2019-bc-bx-0078,,
BJA003,City of Long Branch,NJ,,,,,52500,52500,https://bja.ojp.gov/funding/awards/2019-bc-bx-0005,,
BJA174,"City of Marion, Indiana Police Department",IN,,,,,130000,130000,https://bja.ojp.gov/funding/awards/2019-bc-bx-0067,,
BJA160,City of Markham,IL,,,,,70000,70000,https://bja.ojp.gov/funding/awards/2019-bc-bx-0028,,
BJA301,City of McAlester,OK,,,,,46733,46733,https://bja.ojp.gov/funding/awards/2019-bc-bx-0025,,
BJA202,City of Midland,MI,,,,110641,,110641,https://www.documentcloud.org/documents/6573650-BWCPIP-Award-Fact-2018Final.html,,
BJA352,City Of Millington,TN,,,,,50000,50000,https://bja.ojp.gov/funding/awards/2019-bc-bx-0002,,
BJA221,City of Minneapolis,MN,,,,430500,,430500,https://www.documentcloud.org/documents/6573650-BWCPIP-Award-Fact-2018Final.html,,
BJA102,City of Miramar,FL,,,,,97060,97060,https://bja.ojp.gov/funding/awards/2019-bc-bx-0033,,
BJA161,City of Moline,IL,,,,21356,,21356,https://www.documentcloud.org/documents/6573650-BWCPIP-Award-Fact-2018Final.html,,
BJA233,City of Moss Point,MS,,,,52500,,52500,https://www.documentcloud.org/documents/6573650-BWCPIP-Award-Fact-2018Final.html,,
BJA193,City of New Roads,LA,,,,18000,,18000,https://www.documentcloud.org/documents/6573650-BWCPIP-Award-Fact-2018Final.html,,
BJA091,City of Newark,DE,,,,90000,,90000,https://www.documentcloud.org/documents/6573650-BWCPIP-Award-Fact-2018Final.html,,
BJA335,City of Newport,RI,,,,15000,,15000,https://www.documentcloud.org/documents/6573650-BWCPIP-Award-Fact-2018Final.html,,
BJA274,City of Olean Police department,NY,,,,,56000,56000,https://bja.ojp.gov/funding/awards/2019-bc-bx-0035,,
BJA388,City of Pasco,WA,,,,140225,,140225,https://www.documentcloud.org/documents/6573650-BWCPIP-Award-Fact-2018Final.html,,
BJA004,City of Pleasantville,NJ,,,,,78926,78926,https://bja.ojp.gov/funding/awards/2019-bc-bx-0042,,
BJA103,City of Punta Gorda,FL,,,,,67019,67019,https://bja.ojp.gov/funding/awards/2019-bc-bx-0030,,
BJA316,City of Reading,PA,,,,187500,,187500,https://www.documentcloud.org/documents/6573650-BWCPIP-Award-Fact-2018Final.html,,
BJA052,City of Santa Ana,CA,,,,99291,,99291,https://www.documentcloud.org/documents/6573650-BWCPIP-Award-Fact-2018Final.html,,
BJA053,City of Santa Rosa,CA,,,,41023,,41023,https://www.documentcloud.org/documents/6573650-BWCPIP-Award-Fact-2018Final.html,,
BJA033,City of Sherwood,AR,,,,,48000,48000,https://bja.ojp.gov/funding/awards/2019-bc-bx-0073,,
BJA347,City of Sisseton,SD,,,,,26000,26000,https://bja.ojp.gov/funding/awards/2019-bc-bx-0037,,
BJA196,City of Springfield,MA,,,,,1122000,1122000,https://bja.ojp.gov/funding/awards/2019-bc-bx-0048,,
BJA275,city of Syracuse,NY,,,,,100000,100000,https://bja.ojp.gov/funding/awards/2019-bc-bx-0056,,
BJA276,City of Syracuse,NY,,,,299472,,299472,https://www.documentcloud.org/documents/6573650-BWCPIP-Award-Fact-2018Final.html,,
BJA104,City of Tampa,FL,,,,,585156,585156,https://bja.ojp.gov/funding/awards/2019-bc-bx-0060,,
BJA081,City of Thornton,CO,,,,153180,,153180,https://www.documentcloud.org/documents/6573650-BWCPIP-Award-Fact-2018Final.html,,
BJA222,City of West Saint Paul,MN,,,,,64000,64000,https://bja.ojp.gov/funding/awards/2019-bc-bx-0008,,
BJA040,City of Yuma,AZ,,104988,,115500,,220488,https://www.documentcloud.org/documents/6573652-2016-BWCPIP-Factsheet-2016-Final.html,https://www.documentcloud.org/documents/6573650-BWCPIP-Award-Fact-2018Final.html,
BJA353,Clarksville,TN,,,337500,,,337500,https://www.documentcloud.org/documents/6573653-2017-BWCPIP-Awards.html,,
BJA054,Coalinga,CA,,4000,,,,4000,https://www.documentcloud.org/documents/6573652-2016-BWCPIP-Factsheet-2016-Final.html,,
BJA105,Cocoa,FL,,,18000,,,18000,https://www.documentcloud.org/documents/6573653-2017-BWCPIP-Awards.html,,
BJA398,Cody,WY,,,50000,,,50000,https://www.documentcloud.org/documents/6573653-2017-BWCPIP-Awards.html,,
BJA106,Collier County Sheriff's Office,FL,,,,568000,,568000,https://www.documentcloud.org/documents/6573650-BWCPIP-Award-Fact-2018Final.html,,
BJA317,Colonial Regional PD,PA,,7723,,,,7723,https://www.documentcloud.org/documents/6573652-2016-BWCPIP-Factsheet-2016-Final.html,,
BJA077,"Colorado Springs, City of",CO,600000,,,,,600000,https://www.documentcloud.org/documents/6573651-2015-BWCPIP-Award-Fact-Sheet.html,,
BJA194,Concordia Parish Sheriff''s Office,LA,,,,,34649,34649,https://bja.ojp.gov/funding/awards/2019-bc-bx-0045,,
BJA363,"Copperas Cove, City of",TX,,,,,26078,26078,https://bja.ojp.gov/funding/awards/2019-bc-bx-0057,,
BJA107,Coral Springs,FL,,,225000,,,225000,https://www.documentcloud.org/documents/6573653-2017-BWCPIP-Awards.html,,
BJA358,"Corpus Christi, City of",TX,125000,,,,,125000,https://www.documentcloud.org/documents/6573651-2015-BWCPIP-Award-Fact-Sheet.html,,
BJA055,County of Alameda,CA,,1000000,,,,1000000,https://www.documentcloud.org/documents/6573652-2016-BWCPIP-Factsheet-2016-Final.html,,
BJA082,County of Custer,CO,,3674,,,,3674,https://www.documentcloud.org/documents/6573652-2016-BWCPIP-Factsheet-2016-Final.html,,
BJA241,County of Davidson,NC,,,,,122017,122017,https://bja.ojp.gov/funding/awards/2019-bc-bx-0016,,
BJA242,County of Pitt,NC,,,,,100000,100000,https://bja.ojp.gov/funding/awards/2019-bc-bx-0036,,
BJA056,County of Riverside,CA,,,,,1831292,1831292,https://bja.ojp.gov/funding/awards/2019-bc-bx-0041,,
BJA057,County of Riverside,CA,,577900,,,,577900,https://www.documentcloud.org/documents/6573652-2016-BWCPIP-Factsheet-2016-Final.html,,
BJA058,County of Tulare,CA,,97432,,,,97432,https://www.documentcloud.org/documents/6573652-2016-BWCPIP-Factsheet-2016-Final.html,,
BJA010,County of Washington,OR,,175000,,,,175000,https://www.documentcloud.org/documents/6573652-2016-BWCPIP-Factsheet-2016-Final.html,,
BJA041,County of Yuma,AZ,,,31917,,,31917,https://www.documentcloud.org/documents/6573653-2017-BWCPIP-Awards.html,,
BJA059,Covina,CA,,186635,,,,186635,https://www.documentcloud.org/documents/6573652-2016-BWCPIP-Factsheet-2016-Final.html,,
BJA132,Criminal Justice Coordinating Council,GA,,,,247500,,247500,https://www.documentcloud.org/documents/6573650-BWCPIP-Award-Fact-2018Final.html,,
BJA133,Crisp County,GA,,,37500,,,37500,https://www.documentcloud.org/documents/6573653-2017-BWCPIP-Awards.html,,
BJA203,CS Mott Community College,MI,,,,,64000,64000,https://bja.ojp.gov/funding/awards/2019-bc-bx-0059,,
BJA175,Cumberland,IN,,17255,,,,17255,https://www.documentcloud.org/documents/6573652-2016-BWCPIP-Factsheet-2016-Final.html,,
BJA243,Currituck County Sheriff's Office,NC,,,,31162,,31162,https://www.documentcloud.org/documents/6573650-BWCPIP-Award-Fact-2018Final.html,,
BJA199,"Dearborn, City of",MI,59571,,,,,59571,https://www.documentcloud.org/documents/6573651-2015-BWCPIP-Award-Fact-Sheet.html,,
BJA089,Department of Emergency Services and Protection,CT,,,895500,,,895500,https://www.documentcloud.org/documents/6573653-2017-BWCPIP-Awards.html,,
BJA005,Department of Law & Public Safety,NJ,,,596431,940278,250000,1786709,https://www.documentcloud.org/documents/6573653-2017-BWCPIP-Awards.html,https://www.documentcloud.org/documents/6573650-BWCPIP-Award-Fact-2018Final.html,https://bja.ojp.gov/funding/awards/2019-bc-bx-0034
BJA342,Department of Mental Health,SC,,,93000,,,93000,https://www.documentcloud.org/documents/6573653-2017-BWCPIP-Awards.html,,
BJA151,Des Moines,IA,,450000,,,,450000,https://www.documentcloud.org/documents/6573652-2016-BWCPIP-Factsheet-2016-Final.html,,
BJA200,Detroit Police Department,MI,1000000,,,,,1000000,https://www.documentcloud.org/documents/6573651-2015-BWCPIP-Award-Fact-Sheet.html,,
BJA373,Dinwiddie County,VA,16200,,,,,16200,https://www.documentcloud.org/documents/6573651-2015-BWCPIP-Award-Fact-Sheet.html,,
BJA176,Dodge City Police Department,KS,45205,,,,,45205,https://www.documentcloud.org/documents/6573651-2015-BWCPIP-Award-Fact-Sheet.html,,
BJA391,Dodge County,WI,,79500,,,,79500,https://www.documentcloud.org/documents/6573652-2016-BWCPIP-Factsheet-2016-Final.html,,
BJA392,Dodgeville,WI,,13203,,,,13203,https://www.documentcloud.org/documents/6573652-2016-BWCPIP-Factsheet-2016-Final.html,,
BJA024,Dothan,AL,,202500,,,,202500,https://www.documentcloud.org/documents/6573652-2016-BWCPIP-Factsheet-2016-Final.html,,
BJA250,Douglas County,NE,,,,,375841,375841,https://bja.ojp.gov/funding/awards/2019-bc-bx-0051,,
BJA152,Dubuque County Sheriff's Office,IA,,,,57242,,57242,https://www.documentcloud.org/documents/6573650-BWCPIP-Award-Fact-2018Final.html,,
BJA148,"Dubuque, City of",IA,61230,,,,,61230,https://www.documentcloud.org/documents/6573651-2015-BWCPIP-Award-Fact-Sheet.html,,
BJA162,DuPage County,IL,,,75000,,,75000,https://www.documentcloud.org/documents/6573653-2017-BWCPIP-Awards.html,,
BJA204,East Lansing,MI,,,76500,,,76500,https://www.documentcloud.org/documents/6573653-2017-BWCPIP-Awards.html,,
BJA134,East Point,GA,,,53311,,,53311,https://www.documentcloud.org/documents/6573653-2017-BWCPIP-Awards.html,,
BJA205,Eaton County,MI,,74400,,,,74400,https://www.documentcloud.org/documents/6573652-2016-BWCPIP-Factsheet-2016-Final.html,,
BJA135,Eatonton,GA,,,10322,,,10322,https://www.documentcloud.org/documents/6573653-2017-BWCPIP-Awards.html,,
BJA108,Eatonville Police Department,FL,,,,7599,,7599,https://www.documentcloud.org/documents/6573650-BWCPIP-Award-Fact-2018Final.html,,
BJA083,El Paso County,CO,,79500,,,,79500,https://www.documentcloud.org/documents/6573652-2016-BWCPIP-Factsheet-2016-Final.html,,
BJA158,"Elgin, City of",IL,250000,,,,,250000,https://www.documentcloud.org/documents/6573651-2015-BWCPIP-Award-Fact-Sheet.html,,
BJA060,Emeryville Police Department,CA,,,,67500,,67500,https://www.documentcloud.org/documents/6573650-BWCPIP-Award-Fact-2018Final.html,,
BJA061,Escondido,CA,,248940,,,,248940,https://www.documentcloud.org/documents/6573652-2016-BWCPIP-Factsheet-2016-Final.html,,
BJA197,Essex County Sheriff's Department,MA,,,,150000,,150000,https://www.documentcloud.org/documents/6573650-BWCPIP-Award-Fact-2018Final.html,,
BJA009,"Eugene, City of",OR,249000,,,,,249000,https://www.documentcloud.org/documents/6573651-2015-BWCPIP-Award-Fact-Sheet.html,,
BJA163,Evanston,IL,,139277,73779,,,213056,https://www.documentcloud.org/documents/6573652-2016-BWCPIP-Factsheet-2016-Final.html,https://www.documentcloud.org/documents/6573653-2017-BWCPIP-Awards.html,
BJA006,Evesham Township,NJ,,144000,,,,144000,https://www.documentcloud.org/documents/6573652-2016-BWCPIP-Factsheet-2016-Final.html,,
BJA374,"Fairfax, City of",VA,28878,,,,,28878,https://www.documentcloud.org/documents/6573651-2015-BWCPIP-Award-Fact-Sheet.html,,
BJA062,Fairfield,CA,,,132720,,,132720,https://www.documentcloud.org/documents/6573653-2017-BWCPIP-Awards.html,,
BJA206,Farmington Hills Police Department,MI,,,,,148000,148000,https://bja.ojp.gov/funding/awards/2019-bc-bx-0079,,
BJA186,Fayette County,KY,,,87000,,,87000,https://www.documentcloud.org/documents/6573653-2017-BWCPIP-Awards.html,,
BJA034,Fayetteville,AR,,186496,,,,186496,https://www.documentcloud.org/documents/6573652-2016-BWCPIP-Factsheet-2016-Final.html,,
BJA238,"Fayetteville, City of",NC,530000,,,,,530000,https://www.documentcloud.org/documents/6573651-2015-BWCPIP-Award-Fact-Sheet.html,,
BJA025,Florence,AL,,69916,,,,69916,https://www.documentcloud.org/documents/6573652-2016-BWCPIP-Factsheet-2016-Final.html,,
BJA109,Florida A & M University,FL,,,22458,,,22458,https://www.documentcloud.org/documents/6573653-2017-BWCPIP-Awards.html,,
BJA063,Foothill De Anza,CA,,27194,,,,27194,https://www.documentcloud.org/documents/6573652-2016-BWCPIP-Factsheet-2016-Final.html,,
BJA164,"Forest Park, Department of Police",IL,,,,,33000,33000,https://bja.ojp.gov/funding/awards/2019-bc-bx-0046,,
BJA136,Forsyth,GA,,,13386,,,13386,https://www.documentcloud.org/documents/6573653-2017-BWCPIP-Awards.html,,
BJA064,Fort Bragg,CA,,25219,,,,25219,https://www.documentcloud.org/documents/6573652-2016-BWCPIP-Factsheet-2016-Final.html,,
BJA110,Fort Lauderdale,FL,,600000,,,,600000,https://www.documentcloud.org/documents/6573652-2016-BWCPIP-Factsheet-2016-Final.html,,
BJA187,Fort Thomas,KY,,5893,,,,5893,https://www.documentcloud.org/documents/6573652-2016-BWCPIP-Factsheet-2016-Final.html,,
BJA171,"Fort Wayne, City of ",IN,126585,,,,,126585,https://www.documentcloud.org/documents/6573651-2015-BWCPIP-Award-Fact-Sheet.html,,
BJA111,Franklin County,FL,,,81000,,,81000,https://www.documentcloud.org/documents/6573653-2017-BWCPIP-Awards.html,,
BJA065,Fresno,CA,,,172500,,,172500,https://www.documentcloud.org/documents/6573653-2017-BWCPIP-Awards.html,,
BJA223,Fridley Police Department,MN,,,,63000,,63000,https://www.documentcloud.org/documents/6573650-BWCPIP-Award-Fact-2018Final.html,,
BJA137,Fulton County,GA,,108375,,,,108375,https://www.documentcloud.org/documents/6573652-2016-BWCPIP-Factsheet-2016-Final.html,,
BJA244,Garner,NC,,,83320,,,83320,https://www.documentcloud.org/documents/6573653-2017-BWCPIP-Awards.html,,
BJA138,Georgia Criminal Justice Coordinating Council,GA,,,,,500000,500000,https://bja.ojp.gov/funding/awards/2019-bc-bx-0022,,
BJA139,Georgia Tech Research Corporation,GA,,,,,41199,41199,https://bja.ojp.gov/funding/awards/2019-bc-bx-0001,,
BJA039,"Glendale, City of",AZ,449986,,,,,449986,https://www.documentcloud.org/documents/6573651-2015-BWCPIP-Award-Fact-Sheet.html,,
BJA385,Government of the USVI - VI Police Department,VI,,,,300000,,300000,https://www.documentcloud.org/documents/6573650-BWCPIP-Award-Fact-2018Final.html,,
BJA084,Grand County Sheriff's Office,CO,,,,1602,,1602,https://www.documentcloud.org/documents/6573650-BWCPIP-Award-Fact-2018Final.html,,
BJA369,"Greater Salt Lake, Unified Dept. District",UT,181540,,,,,181540,https://www.documentcloud.org/documents/6573651-2015-BWCPIP-Award-Fact-Sheet.html,,
BJA245,Greensboro,NC,,300000,,,,300000,https://www.documentcloud.org/documents/6573652-2016-BWCPIP-Factsheet-2016-Final.html,,
BJA338,"Greenville, City of",SC,93750,,,,,93750,https://www.documentcloud.org/documents/6573651-2015-BWCPIP-Award-Fact-Sheet.html,,
BJA011,Gresham,OR,,,165000,,,165000,https://www.documentcloud.org/documents/6573653-2017-BWCPIP-Awards.html,,
BJA287,Haledon,NJ,,17920,,,,17920,https://www.documentcloud.org/documents/6573652-2016-BWCPIP-Factsheet-2016-Final.html,,
BJA007,Hamilton County Sheriffs Office,OH,139500,,,,,139500,https://www.documentcloud.org/documents/6573651-2015-BWCPIP-Award-Fact-Sheet.html,,
BJA343,Hampton County,SC,,66000,,,,66000,https://www.documentcloud.org/documents/6573652-2016-BWCPIP-Factsheet-2016-Final.html,,
BJA364,Harris County,TX,,,,1398812,,1398812,https://www.documentcloud.org/documents/6573650-BWCPIP-Award-Fact-2018Final.html,,
BJA229,Hazelwood,MO,,56321,,,,56321,https://www.documentcloud.org/documents/6573652-2016-BWCPIP-Factsheet-2016-Final.html,,
BJA165,Henderson,IL,,11346,,,,11346,https://www.documentcloud.org/documents/6573652-2016-BWCPIP-Factsheet-2016-Final.html,,
BJA066,Hermosa Beach,CA,,,41681,,,41681,https://www.documentcloud.org/documents/6573653-2017-BWCPIP-Awards.html,,
BJA012,Hillsboro,OR,,217500,,,,217500,https://www.documentcloud.org/documents/6573652-2016-BWCPIP-Factsheet-2016-Final.html,,
BJA294,Hillsboro,OH,,11018,,,,11018,https://www.documentcloud.org/documents/6573652-2016-BWCPIP-Factsheet-2016-Final.html,,
BJA140,Hogansville,GA,,,10192,,,10192,https://www.documentcloud.org/documents/6573653-2017-BWCPIP-Awards.html,,
BJA365,Houston,TX,,358886,,,,358886,https://www.documentcloud.org/documents/6573652-2016-BWCPIP-Factsheet-2016-Final.html,,
BJA265,Humboldt County,NV,,40000,,,,40000,https://www.documentcloud.org/documents/6573652-2016-BWCPIP-Factsheet-2016-Final.html,,
BJA044,Imperial County Sheriffs Office,CA,74770,,,,,74770,https://www.documentcloud.org/documents/6573651-2015-BWCPIP-Award-Fact-Sheet.html,,
BJA234,Jackson Police Department,MS,,,,300000,,300000,https://www.documentcloud.org/documents/6573650-BWCPIP-Award-Fact-2018Final.html,,
BJA112,Jacksonville,FL,,,997956,,,997956,https://www.documentcloud.org/documents/6573653-2017-BWCPIP-Awards.html,,
BJA026,Jefferson County,AL,,,,702000,,702000,https://www.documentcloud.org/documents/6573650-BWCPIP-Award-Fact-2018Final.html,,
BJA309,"Johnstown, City of",PA,63000,,,,,63000,https://www.documentcloud.org/documents/6573651-2015-BWCPIP-Award-Fact-Sheet.html,,
BJA393,Juneau County,WI,,,44505,,,44505,https://www.documentcloud.org/documents/6573653-2017-BWCPIP-Awards.html,,
BJA389,Kalispel Indian Community of the Kalispel Reservation,WA,,,,,51757,51757,https://bja.ojp.gov/funding/awards/2019-bc-bx-0055,,
BJA180,Kansas State University,KS,,6878,,,,6878,https://www.documentcloud.org/documents/6573652-2016-BWCPIP-Factsheet-2016-Final.html,,
BJA067,Kern County,CA,,,135000,,,135000,https://www.documentcloud.org/documents/6573653-2017-BWCPIP-Awards.html,,
BJA224,La Crescent,MN,,,25000,,,25000,https://www.documentcloud.org/documents/6573653-2017-BWCPIP-Awards.html,,
BJA157,Lake County Sheriffs Department,IL,73000,,,,,73000,https://www.documentcloud.org/documents/6573651-2015-BWCPIP-Award-Fact-Sheet.html,,
BJA399,Laramie County,WY,,16500,,,,16500,https://www.documentcloud.org/documents/6573652-2016-BWCPIP-Factsheet-2016-Final.html,,
BJA357,Laredo Independent Sch,TX,46499,,,,,46499,https://www.documentcloud.org/documents/6573651-2015-BWCPIP-Award-Fact-Sheet.html,,
BJA266,Las Vegas,NV,250000,,39020,,,289020,https://www.documentcloud.org/documents/6573653-2017-BWCPIP-Awards.html,https://www.documentcloud.org/documents/6573651-2015-BWCPIP-Award-Fact-Sheet.html,
BJA181,Lawrence,KS,,,231000,,,231000,https://www.documentcloud.org/documents/6573653-2017-BWCPIP-Awards.html,,
BJA371,Layton,UT,,,36846,,,36846,https://www.documentcloud.org/documents/6573653-2017-BWCPIP-Awards.html,,
BJA253,Lebanon,NH,,,18607,,,18607,https://www.documentcloud.org/documents/6573653-2017-BWCPIP-Awards.html,,
BJA230,"LEE'S SUMMIT, CITY OF",MO,,,,,254455,254455,https://bja.ojp.gov/funding/awards/2019-bc-bx-0029,,
BJA213,Leech Lake Band of Ojibwe,MN,41967,,,,,41967,https://www.documentcloud.org/documents/6573651-2015-BWCPIP-Award-Fact-Sheet.html,,
BJA318,Lehigh,PA,,6125,,,,6125,https://www.documentcloud.org/documents/6573652-2016-BWCPIP-Factsheet-2016-Final.html,,
BJA013,Lincoln County,OR,,,20368,,,20368,https://www.documentcloud.org/documents/6573653-2017-BWCPIP-Awards.html,,
BJA231,Lincoln University,MO,,,13445,,,13445,https://www.documentcloud.org/documents/6573653-2017-BWCPIP-Awards.html,,
BJA207,Little Traverse Bay Band of the Odawa Indians,MI,,14225,,,,14225,https://www.documentcloud.org/documents/6573652-2016-BWCPIP-Factsheet-2016-Final.html,,
BJA319,Lock Haven University of Pennsylvania,PA,,,,16500,,16500,https://www.documentcloud.org/documents/6573650-BWCPIP-Award-Fact-2018Final.html,,
BJA068,Los Angeles County,CA,,999600,,,,999600,https://www.documentcloud.org/documents/6573652-2016-BWCPIP-Factsheet-2016-Final.html,,
BJA402,Los Angeles Police Department,CA,,,,,710000,710000,https://bja.ojp.gov/funding/awards/2019-bc-bx-0024,,
BJA403,Los Angeles Police Department,CA,1000000,,,,,1000000,https://www.documentcloud.org/documents/6573651-2015-BWCPIP-Award-Fact-Sheet.html,,
BJA376,"Lynchburg, City of",VA,205486,,,,,205486,https://www.documentcloud.org/documents/6573651-2015-BWCPIP-Award-Fact-Sheet.html,,
BJA014,Marion County,OR,,99000,,,,99000,https://www.documentcloud.org/documents/6573652-2016-BWCPIP-Factsheet-2016-Final.html,,
BJA295,"Marion County, Ohio",OH,,,,,26794,26794,https://bja.ojp.gov/funding/awards/2019-bc-bx-0006,,
BJA208,Match-E-Be-Nash-She-Wish Band of Pottawatomi Indians,MI,,,,,44000,44000,https://bja.ojp.gov/funding/awards/2019-bc-bx-0082,,
BJA327,Mayaguez,PR,,95427,,,,95427,https://www.documentcloud.org/documents/6573652-2016-BWCPIP-Factsheet-2016-Final.html,,
BJA182,Merriam Police Department,KS,,,,41250,,41250,https://www.documentcloud.org/documents/6573650-BWCPIP-Award-Fact-2018Final.html,,
BJA090,Metropolitan Police Department,DC,1000000,,,,,1000000,https://www.documentcloud.org/documents/6573651-2015-BWCPIP-Award-Fact-Sheet.html,,
BJA113,Miami,FL,,960000,,,,960000,https://www.documentcloud.org/documents/6573652-2016-BWCPIP-Factsheet-2016-Final.html,,
BJA097,Miami-Dade County,FL,1000000,,,,,1000000,https://www.documentcloud.org/documents/6573651-2015-BWCPIP-Award-Fact-Sheet.html,,
BJA396,Mingo County Commission,WV,,,,27000,,27000,https://www.documentcloud.org/documents/6573650-BWCPIP-Award-Fact-2018Final.html,,
BJA214,"Minneapolis, City of",MN,600000,,,,,600000,https://www.documentcloud.org/documents/6573651-2015-BWCPIP-Award-Fact-Sheet.html,,
BJA354,Morristown,TN,,42500,,,,42500,https://www.documentcloud.org/documents/6573652-2016-BWCPIP-Factsheet-2016-Final.html,,
BJA277,Mount Vernon,NY,,84000,,,,84000,https://www.documentcloud.org/documents/6573652-2016-BWCPIP-Factsheet-2016-Final.html,,
BJA328,Municipality of Aguadilla,PR,,,,,66000,66000,https://bja.ojp.gov/funding/awards/2019-bc-bx-0068,,
BJA329,MUNICIPALITY OF FAJARDO,PR,,,,,46000,46000,https://bja.ojp.gov/funding/awards/2019-bc-bx-0074,,
BJA330,MUNICIPIO DE BAYAMON,PR,,,,,58000,58000,https://bja.ojp.gov/funding/awards/2019-bc-bx-0054,,
BJA331,Municipio De Ponce,PR,,,474363,,,474363,https://www.documentcloud.org/documents/6573653-2017-BWCPIP-Awards.html,,
BJA332,MUNICIPIO DE YABUCOA,PR,,,,,60000,60000,https://bja.ojp.gov/funding/awards/2019-bc-bx-0058,,
BJA302,Muscogee (Creek) Nation,OK,,,,82500,,82500,https://www.documentcloud.org/documents/6573650-BWCPIP-Award-Fact-2018Final.html,,
BJA069,Nevada County,CA,,,,123000,,123000,https://www.documentcloud.org/documents/6573650-BWCPIP-Award-Fact-2018Final.html,,
BJA356,"New Braunfels, City of",TX,31745,,,,,31745,https://www.documentcloud.org/documents/6573651-2015-BWCPIP-Award-Fact-Sheet.html,,
BJA092,New Castle County,DE,,121500,,,,121500,https://www.documentcloud.org/documents/6573652-2016-BWCPIP-Factsheet-2016-Final.html,,
BJA254,New Hampshire Depatment of Corrctions,NH,,,,,52006,52006,https://bja.ojp.gov/funding/awards/2019-bc-bx-0043,,
BJA087,"New Haven, City of",CT,90000,,,,,90000,https://www.documentcloud.org/documents/6573651-2015-BWCPIP-Award-Fact-Sheet.html,,
BJA256,New Jersey State Park Police,NJ,,,,132000,,132000,https://www.documentcloud.org/documents/6573650-BWCPIP-Award-Fact-2018Final.html,,
BJA190,New Orleans Police Department,LA,237000,,,,,237000,https://www.documentcloud.org/documents/6573651-2015-BWCPIP-Award-Fact-Sheet.html,,
BJA225,New Ulm,MN,,,30000,,,30000,https://www.documentcloud.org/documents/6573653-2017-BWCPIP-Awards.html,,
BJA278,New York Department of Corrections and Community Supervision,NY,,,835196,,,835196,https://www.documentcloud.org/documents/6573653-2017-BWCPIP-Awards.html,,
BJA279,New York State Department of Corrections and Community Super,NY,,,,,2999980,2999980,https://bja.ojp.gov/funding/awards/2019-bc-bx-0026,,
BJA015,Newark,NJ,,372500,496920,,,869420,https://www.documentcloud.org/documents/6573652-2016-BWCPIP-Factsheet-2016-Final.html,https://www.documentcloud.org/documents/6573653-2017-BWCPIP-Awards.html,
BJA141,Newport News Sheriffs Office,VA,209944,,,,,209944,https://www.documentcloud.org/documents/6573651-2015-BWCPIP-Award-Fact-Sheet.html,,
BJA126,Newton County,GA,89199,,45000,,,134199,https://www.documentcloud.org/documents/6573653-2017-BWCPIP-Awards.html,https://www.documentcloud.org/documents/6573651-2015-BWCPIP-Award-Fact-Sheet.html,
BJA366,Newton County Sheriff's Office,TX,,,,45000,,45000,https://www.documentcloud.org/documents/6573650-BWCPIP-Award-Fact-2018Final.html,,
BJA042,Nogales Police Department,AZ,,,,82500,,82500,https://www.documentcloud.org/documents/6573650-BWCPIP-Award-Fact-2018Final.html,,
BJA153,North Liberty,IA,,14910,,,,14910,https://www.documentcloud.org/documents/6573652-2016-BWCPIP-Factsheet-2016-Final.html,,
BJA296,Northeast Ohio Medical University,OH,,,,,10000,10000,https://bja.ojp.gov/funding/awards/2019-bc-bx-0027,,
BJA188,Northern Kentucky University,KY,,,,14045,,14045,https://www.documentcloud.org/documents/6573650-BWCPIP-Award-Fact-2018Final.html,,
BJA209,Nottawaseppi Huron Band of the Potawatomi Indians,MI,,18405,,,,18405,https://www.documentcloud.org/documents/6573652-2016-BWCPIP-Factsheet-2016-Final.html,,
BJA380,Nottoway County,VA,,7340,,,,7340,https://www.documentcloud.org/documents/6573652-2016-BWCPIP-Factsheet-2016-Final.html,,
BJA267,Nye County,NV,,165000,,,,165000,https://www.documentcloud.org/documents/6573652-2016-BWCPIP-Factsheet-2016-Final.html,,
BJA251,O'Neill,NE,,5341,,,,5341,https://www.documentcloud.org/documents/6573652-2016-BWCPIP-Factsheet-2016-Final.html,,
BJA303,Oklahoma City,OK,,270000,,,,270000,https://www.documentcloud.org/documents/6573652-2016-BWCPIP-Factsheet-2016-Final.html,,
BJA248,"Omaha, City of",NE,67500,,,,,67500,https://www.documentcloud.org/documents/6573651-2015-BWCPIP-Award-Fact-Sheet.html,,
BJA114,Orange County,FL,,225000,,,,225000,https://www.documentcloud.org/documents/6573652-2016-BWCPIP-Factsheet-2016-Final.html,,
BJA386,Orange County Sheriff's Department,VT,,,,39865,,39865,https://www.documentcloud.org/documents/6573650-BWCPIP-Award-Fact-2018Final.html,,
BJA096,"Orlando, City of",FL,497480,,,,,497480,https://www.documentcloud.org/documents/6573651-2015-BWCPIP-Award-Fact-Sheet.html,,
BJA115,"Osceola, County of",FL,,,,,300000,300000,https://bja.ojp.gov/funding/awards/2019-bc-bx-0063,,
BJA320,PA Commission on Crime and Delinquency,PA,,,,,975801,975801,https://bja.ojp.gov/funding/awards/2019-bc-bx-0021,,
BJA372,Park City Municipal Corporation,UT,,,,48524,,48524,https://www.documentcloud.org/documents/6573650-BWCPIP-Award-Fact-2018Final.html,,
BJA297,Parma,OH,,,135000,,,135000,https://www.documentcloud.org/documents/6573653-2017-BWCPIP-Awards.html,,
BJA046,"Pasadena, City of",CA,250000,,,,,250000,https://www.documentcloud.org/documents/6573651-2015-BWCPIP-Award-Fact-Sheet.html,,
BJA235,Pearl River Community College,MS,,,,,31972,31972,https://bja.ojp.gov/funding/awards/2019-bc-bx-0010,,
BJA236,Pearl River Community College,MS,,13471,,,,13471,https://www.documentcloud.org/documents/6573652-2016-BWCPIP-Factsheet-2016-Final.html,,
BJA018,Pendleton Police Department,OR,,,,31000,,31000,https://www.documentcloud.org/documents/6573650-BWCPIP-Award-Fact-2018Final.html,,
BJA016,Pennsauken Township NJ,NJ,,,,,100000,100000,https://bja.ojp.gov/funding/awards/2019-bc-bx-0014,,
BJA321,Pennsylvania Commission on Crime and Delinquency,PA,,,,1399816,,1399816,https://www.documentcloud.org/documents/6573650-BWCPIP-Award-Fact-2018Final.html,,
BJA322,Pennsylvania State Police,PA,,52050,,,,52050,https://www.documentcloud.org/documents/6573652-2016-BWCPIP-Factsheet-2016-Final.html,,
BJA095,"Pensacola, City of",FL,64500,,,,,64500,https://www.documentcloud.org/documents/6573651-2015-BWCPIP-Award-Fact-Sheet.html,,
BJA166,Peoria,IL,,,253005,,,253005,https://www.documentcloud.org/documents/6573653-2017-BWCPIP-Awards.html,,
BJA037,"Peoria, City of",AZ,53170,,26360,,,79530,https://www.documentcloud.org/documents/6573651-2015-BWCPIP-Award-Fact-Sheet.html,https://www.documentcloud.org/documents/6573653-2017-BWCPIP-Awards.html,
BJA070,Petaluma Police Department,CA,,,,39191,,39191,https://www.documentcloud.org/documents/6573650-BWCPIP-Award-Fact-2018Final.html,,
BJA311,"Pittsburgh, City of",PA,250000,,,,,250000,https://www.documentcloud.org/documents/6573651-2015-BWCPIP-Award-Fact-Sheet.html,,
BJA210,Pokagon Band of the Potawatomi Indians,MI,,63131,,,,63131,https://www.documentcloud.org/documents/6573652-2016-BWCPIP-Factsheet-2016-Final.html,,
BJA019,Portland State University,OR,,20364,,,,20364,https://www.documentcloud.org/documents/6573652-2016-BWCPIP-Factsheet-2016-Final.html,,
BJA323,Pottsville,PA,,40000,,,,40000,https://www.documentcloud.org/documents/6573652-2016-BWCPIP-Factsheet-2016-Final.html,,
BJA336,Providence,RI,,375000,,,,375000,https://www.documentcloud.org/documents/6573652-2016-BWCPIP-Factsheet-2016-Final.html,,
BJA085,Pueblo County Sheriff’s Office,CO,,,212736,,,212736,https://www.documentcloud.org/documents/6573653-2017-BWCPIP-Awards.html,,
BJA264,Pueblo of Isleta,NM,,,,63000,33875,96875,https://bja.ojp.gov/funding/awards/2019-bc-bx-0040,https://www.documentcloud.org/documents/6573650-BWCPIP-Award-Fact-2018Final.html,
BJA333,Puerto Rico Department of Correction and Rehabilitation,PR,,,,,94000,94000,https://bja.ojp.gov/funding/awards/2019-bc-bx-0020,,
BJA334,Puerto Rico Police Department,PR,,,,126313,,126313,https://www.documentcloud.org/documents/6573650-BWCPIP-Award-Fact-2018Final.html,,
BJA035,Pulaski County Sheriff''s Office,AR,,,,,440000,440000,https://bja.ojp.gov/funding/awards/2019-bc-bx-0080,,
BJA381,"Pulaski, Town of",VA,,,,,42927,42927,https://bja.ojp.gov/funding/awards/2019-bc-bx-0075,,
BJA246,Raleigh,NC,,600000,,,,600000,https://www.documentcloud.org/documents/6573652-2016-BWCPIP-Factsheet-2016-Final.html,,
BJA395,"Ranson, City of",WV,45000,,,,,45000,https://www.documentcloud.org/documents/6573651-2015-BWCPIP-Award-Fact-Sheet.html,,
BJA348,Rapid City,SD,,,300000,,,300000,https://www.documentcloud.org/documents/6573653-2017-BWCPIP-Awards.html,,
BJA071,"Redondo Beach, City of (Inc)",CA,,,,,190000,190000,https://bja.ojp.gov/funding/awards/2019-bc-bx-0077,,
BJA072,Redwood City Police Department,CA,,,,150146,,150146,https://www.documentcloud.org/documents/6573650-BWCPIP-Award-Fact-2018Final.html,,
BJA232,Regional Justice Information Service,MO,,,435304,,,435304,https://www.documentcloud.org/documents/6573653-2017-BWCPIP-Awards.html,,
BJA045,"Richmond, City of",CA,150000,,,,,150000,https://www.documentcloud.org/documents/6573651-2015-BWCPIP-Award-Fact-Sheet.html,,
BJA073,Riverside,CA,,150000,,,,150000,https://www.documentcloud.org/documents/6573652-2016-BWCPIP-Factsheet-2016-Final.html,,
BJA116,Riviera Beach,FL,,130885,,,,130885,https://www.documentcloud.org/documents/6573652-2016-BWCPIP-Factsheet-2016-Final.html,,
BJA382,Roanoke,VA,,90000,,,,90000,https://www.documentcloud.org/documents/6573652-2016-BWCPIP-Factsheet-2016-Final.html,,
BJA271,"Rochester, City of",NY,600000,,,,,600000,https://www.documentcloud.org/documents/6573651-2015-BWCPIP-Award-Fact-Sheet.html,,
BJA344,Rock Hill,SC,,89339,,,,89339,https://www.documentcloud.org/documents/6573652-2016-BWCPIP-Factsheet-2016-Final.html,,
BJA304,Rogers County,OK,,46075,,,,46075,https://www.documentcloud.org/documents/6573652-2016-BWCPIP-Factsheet-2016-Final.html,,
BJA048,"Sacramento, City of",CA,599756,,,,,599756,https://www.documentcloud.org/documents/6573651-2015-BWCPIP-Award-Fact-Sheet.html,,
BJA215,Saint Paul Police De artment,MN,600000,,,,,600000,https://www.documentcloud.org/documents/6573651-2015-BWCPIP-Award-Fact-Sheet.html,,
BJA280,Salamanca,NY,,8892,,,,8892,https://www.documentcloud.org/documents/6573652-2016-BWCPIP-Factsheet-2016-Final.html,,
BJA038,Salt River Pima-Maricopa Indian...,AZ,193596,,,,,193596,https://www.documentcloud.org/documents/6573651-2015-BWCPIP-Award-Fact-Sheet.html,,
BJA359,"San Antonio, City of",TX,1000000,,,,,1000000,https://www.documentcloud.org/documents/6573651-2015-BWCPIP-Award-Fact-Sheet.html,,
BJA047,"San Bernardino, City of",CA,546502,,,,,546502,https://www.documentcloud.org/documents/6573651-2015-BWCPIP-Award-Fact-Sheet.html,,
BJA074,San Luis Obispo,CA,,74060,,,,74060,https://www.documentcloud.org/documents/6573652-2016-BWCPIP-Factsheet-2016-Final.html,,
BJA117,Santa Fe College,FL,,28490,,,,28490,https://www.documentcloud.org/documents/6573652-2016-BWCPIP-Factsheet-2016-Final.html,,
BJA142,Savannah,GA,,94532,,,,94532,https://www.documentcloud.org/documents/6573652-2016-BWCPIP-Factsheet-2016-Final.html,,
BJA281,Schenectady,NY,,,165000,,,165000,https://www.documentcloud.org/documents/6573653-2017-BWCPIP-Awards.html,,
BJA189,Scottsville,KY,,15559,,,,15559,https://www.documentcloud.org/documents/6573652-2016-BWCPIP-Factsheet-2016-Final.html,,
BJA324,Scranton,PA,,94268,,,,94268,https://www.documentcloud.org/documents/6573652-2016-BWCPIP-Factsheet-2016-Final.html,,
BJA387,Seattle Police Department,WA,600000,,,,,600000,https://www.documentcloud.org/documents/6573651-2015-BWCPIP-Award-Fact-Sheet.html,,
BJA118,Seminole Tribe of Florida,FL,,,,306000,,306000,https://www.documentcloud.org/documents/6573650-BWCPIP-Award-Fact-2018Final.html,,
BJA226,Shakopee,MN,,60000,,,,60000,https://www.documentcloud.org/documents/6573652-2016-BWCPIP-Factsheet-2016-Final.html,,
BJA183,Shawnee,KS,,44003,,,,44003,https://www.documentcloud.org/documents/6573652-2016-BWCPIP-Factsheet-2016-Final.html,,
BJA298,Shawnee,OH,,6727,,,,6727,https://www.documentcloud.org/documents/6573652-2016-BWCPIP-Factsheet-2016-Final.html,,
BJA400,Sheridan,WY,,,36500,,,36500,https://www.documentcloud.org/documents/6573653-2017-BWCPIP-Awards.html,,
BJA075,Simi Valley,CA,,187500,,,,187500,https://www.documentcloud.org/documents/6573652-2016-BWCPIP-Factsheet-2016-Final.html,,
BJA367,"Somerville, City of",TX,,,,,12688,12688,https://bja.ojp.gov/funding/awards/2019-bc-bx-0064,,
BJA345,South Carolina Department of Mental Health,SC,,,,,71726,71726,https://bja.ojp.gov/funding/awards/2019-bc-bx-0065,,
BJA325,Southeastern Pennsylvania Transportation Authority (SEPTA),PA,,,,,500000,500000,https://bja.ojp.gov/funding/awards/2019-bc-bx-0062,,
BJA339,"Spartanburg, City of",SC,184500,,,,,184500,https://www.documentcloud.org/documents/6573651-2015-BWCPIP-Award-Fact-Sheet.html,,
BJA268,"Spring Valley, Village of",NY,11905,,,,,11905,https://www.documentcloud.org/documents/6573651-2015-BWCPIP-Award-Fact-Sheet.html,,
BJA227,St. Anthony,MN,,,123000,,,123000,https://www.documentcloud.org/documents/6573653-2017-BWCPIP-Awards.html,,
BJA125,St. Marys Police Department,GA,69000,,,,,69000,https://www.documentcloud.org/documents/6573651-2015-BWCPIP-Award-Fact-Sheet.html,,
BJA088,"Stamford, City of",CT,600000,,,,,600000,https://www.documentcloud.org/documents/6573651-2015-BWCPIP-Award-Fact-Sheet.html,,
BJA257,State Department of Public Safety,NJ,,575361,,,,575361,https://www.documentcloud.org/documents/6573652-2016-BWCPIP-Factsheet-2016-Final.html,,
BJA346,State Law Enforcement Division,SC,,450605,,,,450605,https://www.documentcloud.org/documents/6573652-2016-BWCPIP-Factsheet-2016-Final.html,,
BJA258,"State of New Jersey, Department of Law & Public Safety",NJ,,,,,1087938,1087938,https://bja.ojp.gov/funding/awards/2019-bc-bx-0031,,
BJA211,Sturgis,MI,,6261,,,,6261,https://www.documentcloud.org/documents/6573652-2016-BWCPIP-Factsheet-2016-Final.html,,
BJA143,Sumter County,GA,,,16265,,,16265,https://www.documentcloud.org/documents/6573653-2017-BWCPIP-Awards.html,,
BJA119,Sunrise,FL,,250000,,,,250000,https://www.documentcloud.org/documents/6573652-2016-BWCPIP-Factsheet-2016-Final.html,,
BJA120,Suwannee County,FL,,,70500,,,70500,https://www.documentcloud.org/documents/6573653-2017-BWCPIP-Awards.html,,
BJA282,Syracuse University,NY,,88965,,,,88965,https://www.documentcloud.org/documents/6573652-2016-BWCPIP-Factsheet-2016-Final.html,,
BJA121,Tallahassee,FL,,,675000,,,675000,https://www.documentcloud.org/documents/6573653-2017-BWCPIP-Awards.html,,
BJA259,The College of New Jersey,NJ,,,41432,,,41432,https://www.documentcloud.org/documents/6573653-2017-BWCPIP-Awards.html,,
BJA122,The Florida International University,FL,,,82500,,,82500,https://www.documentcloud.org/documents/6573653-2017-BWCPIP-Awards.html,,
BJA144,Tift County,GA,,,70500,,,70500,https://www.documentcloud.org/documents/6573653-2017-BWCPIP-Awards.html,,
BJA283,Town of Cheektowaga,NY,,,,,79665,79665,https://bja.ojp.gov/funding/awards/2019-bc-bx-0018,,
BJA093,Town of Laurel,DE,,,,,6068,6068,https://bja.ojp.gov/funding/awards/2019-bc-bx-0011,,
BJA284,Town of Rosendale,NY,,,,,8000,8000,https://bja.ojp.gov/funding/awards/2019-bc-bx-0007,,
BJA260,Township of Holmdel,NJ,,,,,64000,64000,https://bja.ojp.gov/funding/awards/2019-bc-bx-0072,,
BJA261,Township of Pemberton,NJ,,,,75000,,75000,https://www.documentcloud.org/documents/6573650-BWCPIP-Award-Fact-2018Final.html,,
BJA299,Township of Perkins,OH,,,,28129,,28129,https://www.documentcloud.org/documents/6573650-BWCPIP-Award-Fact-2018Final.html,,
BJA043,Tucson,AZ,,,375000,,,375000,https://www.documentcloud.org/documents/6573653-2017-BWCPIP-Awards.html,,
BJA305,Tulsa County,OK,,,291600,,,291600,https://www.documentcloud.org/documents/6573653-2017-BWCPIP-Awards.html,,
BJA300,"Tulsa, City of",OK,599200,,,,,599200,https://www.documentcloud.org/documents/6573651-2015-BWCPIP-Award-Fact-Sheet.html,,
BJA027,Tuscaloosa County Commission,AL,,,,30000,,30000,https://www.documentcloud.org/documents/6573650-BWCPIP-Award-Fact-2018Final.html,,
BJA155,"Twin Falls, City of",ID,90000,,,,,90000,https://www.documentcloud.org/documents/6573651-2015-BWCPIP-Award-Fact-Sheet.html,,
BJA145,Unified Government of Athens-Clarke County,GA,,,56375,,,56375,https://www.documentcloud.org/documents/6573653-2017-BWCPIP-Awards.html,,
BJA178,Unified Government of Wyandotte County/Kansas City,KS,352500,,,,,352500,https://www.documentcloud.org/documents/6573651-2015-BWCPIP-Award-Fact-Sheet.html,,
BJA184,Unified Government of Wyandotte County/Kansas City,KS,,,342000,,,342000,https://www.documentcloud.org/documents/6573653-2017-BWCPIP-Awards.html,,
BJA368,United Independent School Dist.,TX,,47061,,,,47061,https://www.documentcloud.org/documents/6573652-2016-BWCPIP-Factsheet-2016-Final.html,,
BJA036,University of Arkansas- Fort Smith,AR,,12000,,,,12000,https://www.documentcloud.org/documents/6573652-2016-BWCPIP-Factsheet-2016-Final.html,,
BJA198,"University of Maryland, Baltimore",MD,,,,,43468,43468,https://bja.ojp.gov/funding/awards/2019-bc-bx-0069,,
BJA212,University of Michigan,MI,,,52500,,,52500,https://www.documentcloud.org/documents/6573653-2017-BWCPIP-Awards.html,,
BJA252,University of Nebraska at Omaha,NE,,20292,,,,20292,https://www.documentcloud.org/documents/6573652-2016-BWCPIP-Factsheet-2016-Final.html,,
BJA028,University of North Alabama,AL,,5707,,,,5707,https://www.documentcloud.org/documents/6573652-2016-BWCPIP-Factsheet-2016-Final.html,,
BJA123,University of North Florida,FL,,,29041,,,29041,https://www.documentcloud.org/documents/6573653-2017-BWCPIP-Awards.html,,
BJA306,University of Oregon,OR,,,49951,,,49951,https://www.documentcloud.org/documents/6573653-2017-BWCPIP-Awards.html,,
BJA285,Village of Bath,NY,,,,,14200,14200,https://bja.ojp.gov/funding/awards/2019-bc-bx-0047,,
BJA394,Village of Germantown,WI,,,,48000,,48000,https://www.documentcloud.org/documents/6573650-BWCPIP-Award-Fact-2018Final.html,,
BJA286,Village of Irvington,NY,,,,30000,,30000,https://www.documentcloud.org/documents/6573650-BWCPIP-Award-Fact-2018Final.html,,
BJA167,Village of Lakemoor,IL,,12413,,,,12413,https://www.documentcloud.org/documents/6573652-2016-BWCPIP-Factsheet-2016-Final.html,,
BJA168,Village of Lansing,IL,,,,,40000,40000,https://bja.ojp.gov/funding/awards/2019-bc-bx-0019,,
BJA169,Village of Montgomery,IL,,,,50000,,50000,https://www.documentcloud.org/documents/6573650-BWCPIP-Award-Fact-2018Final.html,,
BJA383,Virginia Beach,VA,,,302000,,,302000,https://www.documentcloud.org/documents/6573653-2017-BWCPIP-Awards.html,,
BJA076,Visalia,CA,,,153000,,,153000,https://www.documentcloud.org/documents/6573653-2017-BWCPIP-Awards.html,,
BJA375,"Waynesboro, City of",VA,36445,,,,,36445,https://www.documentcloud.org/documents/6573651-2015-BWCPIP-Award-Fact-Sheet.html,,
BJA355,Webb County,TX,18959,,,,,18959,https://www.documentcloud.org/documents/6573651-2015-BWCPIP-Award-Fact-Sheet.html,,
BJA154,Webster County,IA,,9240,,,,9240,https://www.documentcloud.org/documents/6573652-2016-BWCPIP-Factsheet-2016-Final.html,,
BJA390,"West Allis, City of",WI,75000,46500,75000,,,196500,https://www.documentcloud.org/documents/6573651-2015-BWCPIP-Award-Fact-Sheet.html,https://www.documentcloud.org/documents/6573653-2017-BWCPIP-Awards.html,
BJA170,"West Lafayette, City of",IN,12166,,,,,12166,https://www.documentcloud.org/documents/6573651-2015-BWCPIP-Award-Fact-Sheet.html,,
BJA397,West Virginia Division of Natural Resources Law Enforcement Section,WV,,,,60459,,60459,https://www.documentcloud.org/documents/6573650-BWCPIP-Award-Fact-2018Final.html,,
BJA086,Wheat Ridge,CO,,,172500,,,172500,https://www.documentcloud.org/documents/6573653-2017-BWCPIP-Awards.html,,
BJA269,"White Plains, City of",NY,31638,,,,,31638,https://www.documentcloud.org/documents/6573651-2015-BWCPIP-Award-Fact-Sheet.html,,
BJA177,"Wichita, City of",KS,250000,,,100500,,350500,https://www.documentcloud.org/documents/6573651-2015-BWCPIP-Award-Fact-Sheet.html,https://www.documentcloud.org/documents/6573650-BWCPIP-Award-Fact-2018Final.html,
BJA124,Wilkinson County,GA,9523,,,,,9523,https://www.documentcloud.org/documents/6573651-2015-BWCPIP-Award-Fact-Sheet.html,,
BJA247,Wilson,NC,,,75806,,,75806,https://www.documentcloud.org/documents/6573653-2017-BWCPIP-Awards.html,,
BJA384,Winchester,VA,,104828,,,,104828,https://www.documentcloud.org/documents/6573652-2016-BWCPIP-Factsheet-2016-Final.html,,
BJA146,Woodstock,GA,,60000,,,,60000,https://www.documentcloud.org/documents/6573652-2016-BWCPIP-Factsheet-2016-Final.html,,